﻿<?xml version="1.0" encoding="utf-8" standalone="yes"?>
<Parameters>
  <Connection>
    <DeviceParameters>/IF=tcpip /LOPO=11159 /SA=1</DeviceParameters>
    <ConnectionParameters>/RT=1000 /DAIP=127.0.0.1 /REPO=11160 /ANSL=1 /AM=* /PT=11169</ConnectionParameters>
  </Connection>
  <AsProject>
    <ApjFullFileName>C:\projects\pjafag\AfagP70\AfagP70.apj</ApjFullFileName>
    <ProjectName>AfagP70</ProjectName>
    <ActiveConfigurationName>Config1</ActiveConfigurationName>
    <LicenseDataFolder>C:\projects\pjafag\AfagP70\Temp\Objects\Config1\4PPC70_0702_20B</LicenseDataFolder>
  </AsProject>
  <General>
    <DeleteParameterFile>false</DeleteParameterFile>
  </General>
</Parameters>