﻿<?xml version="1.0" encoding="utf-8"?>
<BuildReasons>
  <Rule ID="$(AS_PROJECT_PATH)\temp\objects\config1\4ppc70_0702_20b\ashwac.br">
    <BuildReason>Prerequiste "$(AS_PROJECT_PATH)\physical\config1\hardware.hw" differs.
</BuildReason>
  </Rule>
  <Rule ID="$(AS_PROJECT_PATH)\temp\objects\config1\4ppc70_0702_20b\tdatabase\init.st.o">
    <BuildReason>Prerequiste "$(AS_PROJECT_PATH)\physical\config1\4ppc70_0702_20b\mappservices\config.mpdatabasecore" differs.
</BuildReason>
  </Rule>
  <Rule ID="$(AS_PROJECT_PATH)\temp\objects\config1\4ppc70_0702_20b\arconfig.br">
    <BuildReason>Prerequiste "$(AS_PROJECT_PATH)\physical\config1\hardware.hw" differs.
</BuildReason>
  </Rule>
  <Rule ID="$(AS_PROJECT_PATH)\temp\objects\config1\4ppc70_0702_20b\tdatabase\cyclic.ld.o">
    <BuildReason>Prerequiste "$(AS_PROJECT_PATH)\physical\config1\4ppc70_0702_20b\mappservices\config.mpdatabasecore" differs.
</BuildReason>
  </Rule>
  <Rule ID="$(AS_PROJECT_PATH)\temp\objects\config1\4ppc70_0702_20b\tdatabase\exit.ld.o">
    <BuildReason>Prerequiste "$(AS_PROJECT_PATH)\physical\config1\4ppc70_0702_20b\mappservices\config.mpdatabasecore" differs.
</BuildReason>
  </Rule>
  <Rule ID="$(AS_PROJECT_PATH)\temp\objects\config1\4ppc70_0702_20b\tdatabase\_bur_pvdef.st.o">
    <BuildReason>Prerequiste "$(AS_PROJECT_PATH)\temp\objects\config1\4ppc70_0702_20b\tdatabase\init.st.o" differs.
</BuildReason>
  </Rule>
  <Rule ID="$(AS_PROJECT_PATH)\temp\objects\config1\4ppc70_0702_20b\tdatabase\a.out">
    <BuildReason>Prerequiste "$(AS_PROJECT_PATH)\temp\objects\config1\4ppc70_0702_20b\tdatabase\init.st.o" differs.
</BuildReason>
  </Rule>
  <Rule ID="$(AS_PROJECT_PATH)\temp\objects\config1\4ppc70_0702_20b\tdatabase\tdatabase.ox">
    <BuildReason>Prerequiste "$(AS_PROJECT_PATH)\temp\objects\config1\4ppc70_0702_20b\tdatabase\a.out" differs.
</BuildReason>
  </Rule>
  <Rule ID="$(AS_PROJECT_PATH)\temp\objects\config1\4ppc70_0702_20b\tdatabase.br">
    <BuildReason>Prerequiste "$(AS_PROJECT_PATH)\temp\objects\config1\4ppc70_0702_20b\tdatabase\tdatabase.ox" differs.
</BuildReason>
  </Rule>
  <Rule ID="$(AS_PROJECT_PATH)\temp\objects\config1\4ppc70_0702_20b\config.br">
    <BuildReason>Prerequiste "$(AS_PROJECT_PATH)\physical\config1\4ppc70_0702_20b\mappservices\config.mpdatabasecore" differs.
</BuildReason>
  </Rule>
  <Rule ID="$(AS_PROJECT_PATH)\temp\objects\config1\4ppc70_0702_20b\iomap.br">
    <BuildReason>Prerequiste "$(AS_PROJECT_PATH)\physical\config1\hardware.hw" differs.
</BuildReason>
  </Rule>
  <Rule ID="$(AS_PROJECT_PATH)\temp\objects\config1\4ppc70_0702_20b\sysconf.br">
    <BuildReason>Prerequiste "$(AS_PROJECT_PATH)\physical\config1\hardware.hw" differs.
</BuildReason>
  </Rule>
  <Rule ID="$(AS_PROJECT_PATH)\temp\objects\config1\4ppc70_0702_20b\asfw.br">
    <BuildReason>Prerequiste "$(AS_PROJECT_PATH)\physical\config1\hardware.hw" differs.
</BuildReason>
  </Rule>
  <Rule ID="$(AS_PROJECT_PATH)\temp\objects\config1\4ppc70_0702_20b\ashwd.br">
    <BuildReason>Prerequiste "$(AS_PROJECT_PATH)\physical\config1\hardware.hw" differs.
</BuildReason>
  </Rule>
  <Rule ID="#cpu_tp.mak">
    <BuildReason>Rule is forced.</BuildReason>
  </Rule>
  <Rule ID="$(AS_PROJECT_PATH)\binaries\config1\4ppc70_0702_20b\transfer.lst">
    <BuildReason>Prerequiste "$(AS_PROJECT_PATH)\temp\objects\config1\4ppc70_0702_20b\config.br" differs.
</BuildReason>
  </Rule>
</BuildReasons>