﻿<?xml version="1.0" encoding="utf-8"?>
<?AutomationStudio FileVersion="4.9" WorkingVersion="4.12"?>
<RuleSetOptions UsesUTCTime="True">
  <Rule ID="$(AS_PROJECT_PATH)\temp\objects\config1\4ppc70_0702_20b\ashwac.br">
    <Prerequisite ID="$(AS_PROJECT_PATH)\physical\config1\hardware.hw" LastWriteTime="2024-05-21 13:39:48" />
    <CommandLine Parameter="&quot;$(AS_PROJECT_PATH)\Physical\Config1\Hardware.hw&quot;  -o &quot;$(AS_PROJECT_PATH)\Temp\Objects\Config1\4PPC70_0702_20B\ashwac.br&quot; -L &quot;AsHttp: V*, AsIecCon: V*, AsIODiag: V*, astime: V*, MpBase: V5.15.0, MpDatabase: V5.15.0, operator: V*, runtime: V*&quot; -c &quot;Config1&quot; -Z &quot;mapp: 5.15.0, FMUExport: n.d, Connectivity: n.d, UnitSystem: n.d, TextSystem: n.d, ProgrammingSystem: n.d, RemanentData: n.d, AAS: n.d&quot; -M IA32 -B B4.62 -P &quot;$(AS_PROJECT_PATH)&quot; -s &quot;Config1&quot; -T SG4 " />
  </Rule>
  <Rule ID="$(AS_PROJECT_PATH)\temp\objects\config1\4ppc70_0702_20b\sysconf.br">
    <Prerequisite ID="$(AS_PROJECT_PATH)\physical\config1\hardware.hw" LastWriteTime="2024-05-21 13:39:48" />
    <CommandLine Parameter="&quot;$(AS_PROJECT_PATH)\Physical\Config1\Hardware.hw&quot;  -c &quot;Config1&quot; -sysconf -S &quot;4PPC70_0702_20B&quot; -Z &quot;mapp: 5.15.0, FMUExport: n.d, Connectivity: n.d, UnitSystem: n.d, TextSystem: n.d, ProgrammingSystem: n.d, RemanentData: n.d, AAS: n.d&quot; -o &quot;$(AS_PROJECT_PATH)\Temp\Objects\Config1\4PPC70_0702_20B\sysconf.br&quot; -T SG4 -B B4.62 -P &quot;$(AS_PROJECT_PATH)&quot; -s &quot;Config1&quot; " />
  </Rule>
  <Rule ID="$(AS_PROJECT_PATH)\temp\objects\config1\4ppc70_0702_20b\asfw.br">
    <Prerequisite ID="$(AS_PROJECT_PATH)\physical\config1\hardware.hw" LastWriteTime="2024-05-21 13:39:48" />
    <CommandLine Parameter="&quot;$(AS_PROJECT_PATH)\Physical\Config1\Hardware.hw&quot;  -v V1.00.0 -S &quot;4PPC70_0702_20B&quot; -o &quot;$(AS_PROJECT_PATH)\Temp\Objects\Config1\4PPC70_0702_20B\asfw.br&quot; -T SG4 -B B4.62 -P &quot;$(AS_PROJECT_PATH)&quot; -c &quot;Config1&quot; -zip -s &quot;Config1&quot; -firmware -Z &quot;mapp: 5.15.0, FMUExport: n.d, Connectivity: n.d, UnitSystem: n.d, TextSystem: n.d, ProgrammingSystem: n.d, RemanentData: n.d, AAS: n.d&quot; " />
  </Rule>
  <Rule ID="$(AS_PROJECT_PATH)\temp\objects\config1\4ppc70_0702_20b\ashwd.br">
    <Prerequisite ID="$(AS_PROJECT_PATH)\physical\config1\hardware.hw" LastWriteTime="2024-05-21 13:39:48" />
    <CommandLine Parameter="&quot;$(AS_PROJECT_PATH)\Physical\Config1\Hardware.hw&quot;  -v V1.00.0 -S &quot;4PPC70_0702_20B&quot; -o &quot;$(AS_PROJECT_PATH)\Temp\Objects\Config1\4PPC70_0702_20B\ashwd.br&quot; -T SG4 -B B4.62 -P &quot;$(AS_PROJECT_PATH)&quot; -c &quot;Config1&quot; -zip -s &quot;Config1&quot; -hwd -Z &quot;mapp: 5.15.0, FMUExport: n.d, Connectivity: n.d, UnitSystem: n.d, TextSystem: n.d, ProgrammingSystem: n.d, RemanentData: n.d, AAS: n.d&quot; " />
  </Rule>
  <Rule ID="$(AS_PROJECT_PATH)\temp\objects\config1\4ppc70_0702_20b\arconfig.br">
    <Prerequisite ID="$(AS_PROJECT_PATH)\physical\config1\hardware.hw" LastWriteTime="2024-05-21 13:39:48" />
    <Prerequisite ID="$(AS_PROJECT_PATH)\physical\config1\4ppc70_0702_20b\iomap.iom" LastWriteTime="2022-07-07 14:53:00" />
    <CommandLine Parameter="&quot;$(AS_PROJECT_PATH)\Physical\Config1\Hardware.hw&quot; &quot;$(AS_PROJECT_PATH)\Physical\Config1\4PPC70_0702_20B\IoMap.iom&quot;  -arconfig -C &quot;/RT=1000 /AM=*&quot; -D &quot;/IF=COM1 /BD=57600 /PA=2 /IT=20 /RS=0&quot; -c &quot;Config1&quot; -v V1.00.0 -S &quot;4PPC70_0702_20B&quot; -Z &quot;mapp: 5.15.0, FMUExport: n.d, Connectivity: n.d, UnitSystem: n.d, TextSystem: n.d, ProgrammingSystem: n.d, RemanentData: n.d, AAS: n.d&quot; -o &quot;$(AS_PROJECT_PATH)\Temp\Objects\Config1\4PPC70_0702_20B\arconfig.br&quot; &quot;$(AS_PROJECT_PATH)\Temp\Objects\Config1\4PPC70_0702_20B\ChannelConfiguration.xml&quot; &quot;$(AS_PROJECT_PATH)\Temp\Objects\Config1\4PPC70_0702_20B\ReActionTechnologyConfiguration.xml&quot; -T SG4 -B B4.62 -P &quot;$(AS_PROJECT_PATH)&quot; -s &quot;Config1&quot; " />
  </Rule>
  <Rule ID="$(AS_PROJECT_PATH)\temp\objects\config1\4ppc70_0702_20b\udbdef.br">
    <Prerequisite ID="c:\brautomation\as412\as\technologypackages\unitsystem\n.d\transfer\modules\sg4\udbdef.br" LastWriteTime="2022-05-25 04:28:54" />
    <CommandLine Parameter="C:\BrAutomation\AS412\AS\TechnologyPackages\UnitSystem\n.d\Transfer\Modules\SG4\udbdef.br, $(AS_PROJECT_PATH)\Temp\Objects\Config1\4PPC70_0702_20B\udbdef.br" />
  </Rule>
  <Rule ID="$(AS_PROJECT_PATH)\temp\objects\config1\4ppc70_0702_20b\iomap.br">
    <Prerequisite ID="$(AS_PROJECT_PATH)\physical\config1\4ppc70_0702_20b\iomap.iom" LastWriteTime="2022-07-07 14:53:00" />
    <Prerequisite ID="$(AS_PROJECT_PATH)\physical\config1\4ppc70_0702_20b\pvmap.vvm" LastWriteTime="2022-07-07 14:53:00" />
    <Prerequisite ID="$(AS_PROJECT_PATH)\physical\config1\hardware.hw" LastWriteTime="2024-05-21 13:39:48" />
    <Prerequisite ID="$(AS_PROJECT_PATH)\physical\config1\4ppc70_0702_20b\cpu.sw" LastWriteTime="2022-07-08 15:39:14" />
    <Prerequisite ID="$(AS_PROJECT_PATH)\temp\objects\config1\4ppc70_0702_20b\channelconfiguration.xml" LastWriteTime="2024-05-21 12:52:34" />
    <CommandLine Parameter="&quot;$(AS_PROJECT_PATH)\Physical\Config1\4PPC70_0702_20B\IoMap.iom&quot; &quot;$(AS_PROJECT_PATH)\Physical\Config1\4PPC70_0702_20B\PvMap.vvm&quot;  -m &quot;$(AS_PROJECT_PATH)\Temp\Objects\Config1\4PPC70_0702_20B\ConfigInfo.cfi&quot; -g &quot;$(AS_PROJECT_PATH)\Temp\Objects\Declarations.lst&quot; -x &quot;$(AS_PROJECT_PATH)\Temp\Objects\Config1\4PPC70_0702_20B\ChannelConfiguration.xml&quot; -v V1.00.0 -f &quot;$(AS_PROJECT_PATH)\Temp\Objects\Config1\4PPC70_0702_20B&quot; -iomap -o &quot;$(AS_PROJECT_PATH)\Temp\Objects\Config1\4PPC70_0702_20B\iomap.br&quot; -T SG4 -B B4.62 -P &quot;$(AS_PROJECT_PATH)&quot; -s &quot;Config1.4PPC70_0702_20B&quot;" />
  </Rule>
  <Rule ID="$(AS_PROJECT_PATH)\temp\objects\config1\4ppc70_0702_20b\tcdata\tcdata.imx">
    <Prerequisite ID="$(AS_PROJECT_PATH)\logical\libraries\mpbase\common_eventlog.tmx" LastWriteTime="2022-07-07 14:53:42" />
    <Prerequisite ID="c:\brautomation\as412\as\technologypackages\textsystem\n.d\objectcatalog\elements\textconfig\template\tc.textconfig" LastWriteTime="2022-05-25 04:28:54" />
    <CommandLine Parameter="&quot;$(AS_PROJECT_PATH)\Logical\Libraries\MpBase\Common_EventLog.tmx&quot;  -o &quot;$(AS_PROJECT_PATH)\Temp\Objects\Config1\4PPC70_0702_20B\TCData\TCData.imx&quot; -c &quot;C:\BrAutomation\AS412\AS\TechnologyPackages\TextSystem\n.d\ObjectCatalog\Elements\TextConfig\Template\TC.textconfig&quot; -I &quot;$(AS_PROJECT_PATH)\AS\System\B0462&quot; &quot;C:\BrAutomation\AS412\AS\TechnologyPackages\mapp\5.15.0&quot; &quot;C:\BrAutomation\AS412\AS\TechnologyPackages\UnitSystem\n.d&quot; -P &quot;$(AS_PROJECT_PATH)&quot; -m Libraries.MpBase.Common_EventLog.tmx" />
  </Rule>
  <Rule ID="$(AS_PROJECT_PATH)\temp\objects\config1\4ppc70_0702_20b\tcdata\tcdata.s18d">
    <Prerequisite ID="$(AS_PROJECT_PATH)\temp\objects\config1\4ppc70_0702_20b\tcdata\tcdata.imx" LastWriteTime="2024-05-21 12:52:32" />
    <CommandLine Parameter="&quot;$(AS_PROJECT_PATH)\Temp\Objects\Config1\4PPC70_0702_20B\TCData\TCData.imx&quot; -o &quot;$(AS_PROJECT_PATH)\Temp\Objects\Config1\4PPC70_0702_20B\TCData\TCData.s18d&quot;" />
  </Rule>
  <Rule ID="$(AS_PROJECT_PATH)\temp\objects\config1\4ppc70_0702_20b\tcdata.br">
    <Prerequisite ID="$(AS_PROJECT_PATH)\temp\objects\config1\4ppc70_0702_20b\tcdata\tcdata.s18d" LastWriteTime="2024-05-21 12:52:34" />
    <CommandLine Parameter="&quot;$(AS_PROJECT_PATH)\Temp\Objects\Config1\4PPC70_0702_20B\TCData\TCData.s18d&quot;  -o &quot;$(AS_PROJECT_PATH)\Temp\Objects\Config1\4PPC70_0702_20B\TCData.br&quot; -t TextModule" />
  </Rule>
  <Rule ID="$(AS_PROJECT_PATH)\temp\objects\config1\4ppc70_0702_20b\role.br">
    <Prerequisite ID="$(AS_PROJECT_PATH)\physical\config1\4ppc70_0702_20b\accessandsecurity\userrolesystem\role.role" LastWriteTime="2022-07-07 14:53:00" />
    <CommandLine Parameter="&quot;$(AS_PROJECT_PATH)\Physical\Config1\4PPC70_0702_20B\AccessAndSecurity\UserRoleSystem\Role.role&quot;  -o &quot;$(AS_PROJECT_PATH)\Temp\Objects\Config1\4PPC70_0702_20B\Role.br&quot; -zip -B B4.62 -z n.d -P &quot;$(AS_PROJECT_PATH)&quot; -c &quot;Config1&quot; " />
  </Rule>
  <Rule ID="$(AS_PROJECT_PATH)\temp\objects\config1\4ppc70_0702_20b\user.br">
    <Prerequisite ID="$(AS_PROJECT_PATH)\physical\config1\4ppc70_0702_20b\accessandsecurity\userrolesystem\user.user" LastWriteTime="2022-07-07 14:53:00" />
    <Prerequisite ID="$(AS_PROJECT_PATH)\physical\config1\4ppc70_0702_20b\accessandsecurity\userrolesystem\role.role" LastWriteTime="2022-07-07 14:53:00" />
    <CommandLine Parameter="&quot;$(AS_PROJECT_PATH)\Physical\Config1\4PPC70_0702_20B\AccessAndSecurity\UserRoleSystem\User.user&quot;  -o &quot;$(AS_PROJECT_PATH)\Temp\Objects\Config1\4PPC70_0702_20B\User.br&quot; -zip -B B4.62 -z n.d -P &quot;$(AS_PROJECT_PATH)&quot; -c &quot;Config1&quot; " />
  </Rule>
  <Rule ID="$(AS_PROJECT_PATH)\temp\objects\config1\4ppc70_0702_20b\fwrules.br">
    <Prerequisite ID="$(AS_PROJECT_PATH)\physical\config1\4ppc70_0702_20b\accessandsecurity\firewall\rules.firewallrules" LastWriteTime="2022-07-07 14:53:00" />
    <CommandLine Parameter="&quot;$(AS_PROJECT_PATH)\Physical\Config1\4PPC70_0702_20B\AccessAndSecurity\Firewall\Rules.firewallRules&quot;  -o &quot;$(AS_PROJECT_PATH)\Temp\Objects\Config1\4PPC70_0702_20B\FWRules.br&quot; -zip -B B4.62 -z n.d -P &quot;$(AS_PROJECT_PATH)&quot; -c &quot;Config1&quot; " />
  </Rule>
  <Rule ID="$(AS_PROJECT_PATH)\temp\objects\config1\4ppc70_0702_20b\config.br">
    <Prerequisite ID="$(AS_PROJECT_PATH)\physical\config1\4ppc70_0702_20b\mappservices\config.mpdatabasecore" LastWriteTime="2024-05-21 13:40:44" />
    <CommandLine Parameter="&quot;$(AS_PROJECT_PATH)\Physical\Config1\4PPC70_0702_20B\mappServices\Config.mpdatabasecore&quot;  -o &quot;$(AS_PROJECT_PATH)\Temp\Objects\Config1\4PPC70_0702_20B\Config.br&quot; -zip -B B4.62 -L &quot;MpDatabase: V5.15.0&quot; -z 5.15.0 -P &quot;$(AS_PROJECT_PATH)&quot; -c &quot;Config1&quot; " />
  </Rule>
  <Rule ID="$(AS_PROJECT_PATH)\temp\objects\config1\4ppc70_0702_20b\tdatabase.br">
    <Prerequisite ID="$(AS_PROJECT_PATH)\temp\objects\config1\4ppc70_0702_20b\tdatabase\tdatabase.ox" LastWriteTime="2024-05-21 13:40:52" />
    <Prerequisite ID="$(AS_PROJECT_PATH)\physical\config1\4ppc70_0702_20b\cpu.per" LastWriteTime="2022-07-07 14:53:00" />
    <Prerequisite ID="$(AS_PROJECT_PATH)\logical\libraries\mpdatabase\mpdatabase.fun" LastWriteTime="2022-07-07 14:53:42" />
    <Prerequisite ID="$(AS_PROJECT_PATH)\logical\libraries\mpbase\mpbase.typ" LastWriteTime="2022-07-07 14:53:42" />
    <Prerequisite ID="$(AS_PROJECT_PATH)\logical\libraries\mpdatabase\mpdatabaseerror.typ" LastWriteTime="2022-07-07 14:53:42" />
    <Prerequisite ID="$(AS_PROJECT_PATH)\logical\libraries\mpdatabase\mpdatabase.typ" LastWriteTime="2022-07-07 14:53:42" />
    <Prerequisite ID="$(AS_PROJECT_PATH)\logical\infrastructure\tdatabase\variables.var" LastWriteTime="2024-04-04 14:12:58" />
    <Prerequisite ID="$(AS_PROJECT_PATH)\logical\infrastructure\tdatabase\types.typ" LastWriteTime="2024-04-04 15:25:02" />
    <Prerequisite ID="$(AS_PROJECT_PATH)\physical\config1\4ppc70_0702_20b\mappservices\config.mpdatabasecore" LastWriteTime="2024-05-21 13:40:44" />
    <CommandLine Parameter="&quot;$(AS_PROJECT_PATH)\Temp\Objects\Config1\4PPC70_0702_20B\Tdatabase\Tdatabase.ox&quot;  -o &quot;$(AS_PROJECT_PATH)\Temp\Objects\Config1\4PPC70_0702_20B\Tdatabase.br&quot; -v V1.00.0 -f &quot;$(AS_PROJECT_PATH)\Temp\Objects\Config1\4PPC70_0702_20B\NT.ofs&quot; -offsetLT &quot;$(AS_PROJECT_PATH)\Binaries\Config1\4PPC70_0702_20B\LT.ofs&quot; -T SG4 -M IA32 -B B4.62 -G V4.1.2  -extConstants -d &quot;runtime: V* - V*,asieccon: V* - V*&quot; -r Cyclic4 -p 2 -s &quot;Infrastructure.Tdatabase&quot; -L &quot;AsHttp: V*, AsIecCon: V*, AsIODiag: V*, astime: V*, MpBase: V5.15.0, MpDatabase: V5.15.0, operator: V*, runtime: V*&quot; -P &quot;$(AS_PROJECT_PATH)&quot; " />
    <AdditionalBuildTrigger Key="VolatileMemory" Value="65535" />
    <AdditionalBuildTrigger Key="PermanentAnalogMemory" Value="0" />
    <AdditionalBuildTrigger Key="PermanentDigitalMemory" Value="0" />
    <AdditionalBuildTrigger Key="RemanentMemory" Value="0" />
  </Rule>
  <Rule ID="$(AS_PROJECT_PATH)\temp\objects\config1\4ppc70_0702_20b\tdatabase\tdatabase.ox">
    <Prerequisite ID="$(AS_PROJECT_PATH)\temp\objects\config1\4ppc70_0702_20b\tdatabase\a.out" LastWriteTime="2024-05-21 13:40:52" />
    <Prerequisite ID="$(AS_PROJECT_PATH)\logical\libraries\mpdatabase\mpdatabase.fun" LastWriteTime="2022-07-07 14:53:42" />
    <Prerequisite ID="$(AS_PROJECT_PATH)\logical\libraries\mpbase\mpbase.typ" LastWriteTime="2022-07-07 14:53:42" />
    <Prerequisite ID="$(AS_PROJECT_PATH)\logical\libraries\mpdatabase\mpdatabaseerror.typ" LastWriteTime="2022-07-07 14:53:42" />
    <Prerequisite ID="$(AS_PROJECT_PATH)\logical\libraries\mpdatabase\mpdatabase.typ" LastWriteTime="2022-07-07 14:53:42" />
    <Prerequisite ID="$(AS_PROJECT_PATH)\logical\infrastructure\tdatabase\variables.var" LastWriteTime="2024-04-04 14:12:58" />
    <Prerequisite ID="$(AS_PROJECT_PATH)\logical\infrastructure\tdatabase\types.typ" LastWriteTime="2024-04-04 15:25:02" />
    <Prerequisite ID="$(AS_PROJECT_PATH)\physical\config1\4ppc70_0702_20b\mappservices\config.mpdatabasecore" LastWriteTime="2024-05-21 13:40:44" />
    <CommandLine Parameter="&quot;$(AS_PROJECT_PATH)\Temp\Objects\Config1\4PPC70_0702_20B\Tdatabase\a.out&quot;  -o &quot;$(AS_PROJECT_PATH)\Temp\Objects\Config1\4PPC70_0702_20B\Tdatabase\Tdatabase.ox&quot; -T SG4 -r Cyclic4 -G V4.1.2  -B B4.62 " />
  </Rule>
  <Rule ID="$(AS_PROJECT_PATH)\temp\objects\config1\4ppc70_0702_20b\tdatabase\a.out">
    <Prerequisite ID="$(AS_PROJECT_PATH)\temp\objects\config1\4ppc70_0702_20b\tdatabase\init.st.o" LastWriteTime="2024-05-21 13:40:52" />
    <Prerequisite ID="$(AS_PROJECT_PATH)\temp\objects\config1\4ppc70_0702_20b\tdatabase\cyclic.ld.o" LastWriteTime="2024-05-21 13:40:52" />
    <Prerequisite ID="$(AS_PROJECT_PATH)\temp\objects\config1\4ppc70_0702_20b\tdatabase\exit.ld.o" LastWriteTime="2024-05-21 13:40:52" />
    <Prerequisite ID="$(AS_PROJECT_PATH)\temp\objects\config1\4ppc70_0702_20b\tdatabase\_bur_pvdef.st.o" LastWriteTime="2024-05-21 13:40:52" />
    <Prerequisite ID="$(AS_PROJECT_PATH)\logical\libraries\mpdatabase\mpdatabase.fun" LastWriteTime="2022-07-07 14:53:42" />
    <Prerequisite ID="$(AS_PROJECT_PATH)\logical\libraries\mpbase\mpbase.typ" LastWriteTime="2022-07-07 14:53:42" />
    <Prerequisite ID="$(AS_PROJECT_PATH)\logical\libraries\mpdatabase\mpdatabaseerror.typ" LastWriteTime="2022-07-07 14:53:42" />
    <Prerequisite ID="$(AS_PROJECT_PATH)\logical\libraries\mpdatabase\mpdatabase.typ" LastWriteTime="2022-07-07 14:53:42" />
    <Prerequisite ID="$(AS_PROJECT_PATH)\logical\infrastructure\tdatabase\variables.var" LastWriteTime="2024-04-04 14:12:58" />
    <Prerequisite ID="$(AS_PROJECT_PATH)\logical\infrastructure\tdatabase\types.typ" LastWriteTime="2024-04-04 15:25:02" />
    <Prerequisite ID="$(AS_PROJECT_PATH)\physical\config1\4ppc70_0702_20b\mappservices\config.mpdatabasecore" LastWriteTime="2024-05-21 13:40:44" />
    <CommandLine Parameter=" -link &quot;$(AS_PROJECT_PATH)\Temp\Objects\Config1\4PPC70_0702_20B\Tdatabase\Init.st.o&quot; &quot;$(AS_PROJECT_PATH)\Temp\Objects\Config1\4PPC70_0702_20B\Tdatabase\Cyclic.ld.o&quot; &quot;$(AS_PROJECT_PATH)\Temp\Objects\Config1\4PPC70_0702_20B\Tdatabase\Exit.ld.o&quot; &quot;$(AS_PROJECT_PATH)\Temp\Objects\Config1\4PPC70_0702_20B\Tdatabase\_bur_pvdef.st.o&quot;  -o &quot;$(AS_PROJECT_PATH)\Temp\Objects\Config1\4PPC70_0702_20B\Tdatabase\a.out&quot; -G V4.1.2  -T SG4 -M IA32 &quot;-Wl,$(AS_PROJECT_PATH)\Logical\Libraries\MpDatabase\SG4\Ia32\libMpDatabase.a&quot; &quot;-Wl,$(AS_PROJECT_PATH)\AS\System\B0462\SG4\Ia32\libAsIecCon.a&quot; &quot;-Wl,$(AS_PROJECT_PATH)\AS\System\B0462\SG4\Ia32\libAsIODiag.a&quot; &quot;-Wl,$(AS_PROJECT_PATH)\AS\System\B0462\SG4\Ia32\libAsHttp.a&quot; &quot;-Wl,$(AS_PROJECT_PATH)\AS\System\B0462\SG4\Ia32\libastime.a&quot; &quot;-Wl,$(AS_PROJECT_PATH)\Logical\Libraries\MpBase\SG4\Ia32\libMpBase.a&quot; &quot;-Wl,$(AS_PROJECT_PATH)\AS\System\B0462\SG4\Ia32\libruntime.a&quot; &quot;-Wl,$(AS_PROJECT_PATH)\AS\System\B0462\SG4\Ia32\liboperator.a&quot; -specs &quot;C:\BrAutomation\AS412\AS\gnuinst\V4.1.2\4.9\i386-elf\specs\I386specs_brelf&quot; -nostdlib" />
  </Rule>
  <Rule ID="$(AS_PROJECT_PATH)\temp\objects\config1\4ppc70_0702_20b\tdatabase\init.st.o">
    <Prerequisite ID="$(AS_PROJECT_PATH)\logical\infrastructure\tdatabase\init.st" LastWriteTime="2024-04-15 07:53:10" />
    <Prerequisite ID="$(AS_PROJECT_PATH)\logical\libraries\mpdatabase\mpdatabase.fun" LastWriteTime="2022-07-07 14:53:42" />
    <Prerequisite ID="$(AS_PROJECT_PATH)\logical\libraries\mpbase\mpbase.typ" LastWriteTime="2022-07-07 14:53:42" />
    <Prerequisite ID="$(AS_PROJECT_PATH)\logical\libraries\mpdatabase\mpdatabaseerror.typ" LastWriteTime="2022-07-07 14:53:42" />
    <Prerequisite ID="$(AS_PROJECT_PATH)\logical\libraries\mpdatabase\mpdatabase.typ" LastWriteTime="2022-07-07 14:53:42" />
    <Prerequisite ID="$(AS_PROJECT_PATH)\logical\infrastructure\tdatabase\variables.var" LastWriteTime="2024-04-04 14:12:58" />
    <Prerequisite ID="$(AS_PROJECT_PATH)\logical\infrastructure\tdatabase\types.typ" LastWriteTime="2024-04-04 15:25:02" />
    <Prerequisite ID="$(AS_PROJECT_PATH)\physical\config1\4ppc70_0702_20b\mappservices\config.mpdatabasecore" LastWriteTime="2024-05-21 13:40:44" />
    <CommandLine Parameter="&quot;$(AS_PROJECT_PATH)\Logical\Infrastructure\Tdatabase\Init.st&quot;  -o &quot;$(AS_PROJECT_PATH)\Temp\Objects\Config1\4PPC70_0702_20B\Tdatabase\Init.st.o&quot; -T SG4 -M IA32 -B B4.62 -G V4.1.2  -s &quot;Infrastructure.Tdatabase&quot; -t &quot;$(AS_PROJECT_PATH)\Temp&quot; -pointers -extComments -extBitAccess -extConstants -D _SG4 -l &quot;$(AS_PROJECT_PATH)\Logical\Infrastructure\Tdatabase\Types.typ&quot; &quot;$(AS_PROJECT_PATH)\Logical\Infrastructure\Tdatabase\Variables.var&quot; -g &quot;$(AS_PROJECT_PATH)\Logical\Global.typ&quot; &quot;$(AS_PROJECT_PATH)\Logical\Libraries\operator\operator.typ&quot; &quot;$(AS_PROJECT_PATH)\Logical\Libraries\runtime\runtime.typ&quot; &quot;$(AS_PROJECT_PATH)\Logical\Libraries\astime\astime.typ&quot; &quot;$(AS_PROJECT_PATH)\Logical\Libraries\AsIecCon\AsIecCon.typ&quot; &quot;$(AS_PROJECT_PATH)\Logical\Libraries\MpDatabase\MpDatabase.typ&quot; &quot;$(AS_PROJECT_PATH)\Logical\Libraries\MpDatabase\MpDatabaseError.typ&quot; &quot;$(AS_PROJECT_PATH)\Logical\Libraries\MpBase\MpBase.typ&quot; &quot;$(AS_PROJECT_PATH)\Logical\Libraries\AsHttp\AsHttp.typ&quot; &quot;$(AS_PROJECT_PATH)\Logical\Libraries\AsIODiag\AsIODiag.typ&quot; &quot;$(AS_PROJECT_PATH)\Logical\Libraries\operator\operator.fun&quot; &quot;$(AS_PROJECT_PATH)\Logical\Libraries\runtime\runtime.fun&quot; &quot;$(AS_PROJECT_PATH)\Logical\Libraries\astime\astime.fun&quot; &quot;$(AS_PROJECT_PATH)\Logical\Libraries\AsIecCon\AsIecCon.fun&quot; &quot;$(AS_PROJECT_PATH)\Logical\Libraries\MpDatabase\MpDatabase.fun&quot; &quot;$(AS_PROJECT_PATH)\Logical\Libraries\MpBase\MpBase.fun&quot; &quot;$(AS_PROJECT_PATH)\Logical\Libraries\AsHttp\AsHttp.fun&quot; &quot;$(AS_PROJECT_PATH)\Logical\Libraries\AsIODiag\AsIODiag.fun&quot; &quot;$(AS_PROJECT_PATH)\Logical\Global.var&quot; &quot;$(AS_PROJECT_PATH)\Temp\Includes\AS_TempDecl\Config1\GlobalComponents\MpComponents.var&quot; &quot;$(AS_PROJECT_PATH)\Logical\Libraries\operator\operator.var&quot; &quot;$(AS_PROJECT_PATH)\Logical\Libraries\runtime\runtime.var&quot; &quot;$(AS_PROJECT_PATH)\Logical\Libraries\astime\astime.var&quot; &quot;$(AS_PROJECT_PATH)\Logical\Libraries\AsIecCon\AsIecCon.var&quot; &quot;$(AS_PROJECT_PATH)\Logical\Libraries\MpBase\MpBase.var&quot; &quot;$(AS_PROJECT_PATH)\Logical\Libraries\AsHttp\AsHttp.var&quot; &quot;$(AS_PROJECT_PATH)\Logical\Libraries\AsIODiag\AsIODiag.var&quot; -P &quot;$(AS_PROJECT_PATH)&quot; " />
    <AdditionalBuildTrigger Key="IecDeclarationsInAnsiC" Value="False" />
  </Rule>
  <Rule ID="$(AS_PROJECT_PATH)\temp\objects\config1\4ppc70_0702_20b\tdatabase\cyclic.ld.o">
    <Prerequisite ID="$(AS_PROJECT_PATH)\logical\infrastructure\tdatabase\cyclic.ld" LastWriteTime="2024-05-21 12:42:50" />
    <Prerequisite ID="$(AS_PROJECT_PATH)\logical\libraries\mpdatabase\mpdatabase.fun" LastWriteTime="2022-07-07 14:53:42" />
    <Prerequisite ID="$(AS_PROJECT_PATH)\logical\libraries\mpbase\mpbase.typ" LastWriteTime="2022-07-07 14:53:42" />
    <Prerequisite ID="$(AS_PROJECT_PATH)\logical\libraries\mpdatabase\mpdatabaseerror.typ" LastWriteTime="2022-07-07 14:53:42" />
    <Prerequisite ID="$(AS_PROJECT_PATH)\logical\libraries\mpdatabase\mpdatabase.typ" LastWriteTime="2022-07-07 14:53:42" />
    <Prerequisite ID="$(AS_PROJECT_PATH)\logical\infrastructure\tdatabase\variables.var" LastWriteTime="2024-04-04 14:12:58" />
    <Prerequisite ID="$(AS_PROJECT_PATH)\logical\infrastructure\tdatabase\types.typ" LastWriteTime="2024-04-04 15:25:02" />
    <Prerequisite ID="$(AS_PROJECT_PATH)\physical\config1\4ppc70_0702_20b\mappservices\config.mpdatabasecore" LastWriteTime="2024-05-21 13:40:44" />
    <CommandLine Parameter="&quot;$(AS_PROJECT_PATH)\Logical\Infrastructure\Tdatabase\Cyclic.ld&quot;  -o &quot;$(AS_PROJECT_PATH)\Temp\Objects\Config1\4PPC70_0702_20B\Tdatabase\Cyclic.ld.o&quot; -T SG4 -M IA32 -B B4.62 -G V4.1.2  -s &quot;Infrastructure.Tdatabase&quot; -t &quot;$(AS_PROJECT_PATH)\Temp&quot; -pointers -extComments -extBitAccess -extConstants -D _SG4 -l &quot;$(AS_PROJECT_PATH)\Logical\Infrastructure\Tdatabase\Types.typ&quot; &quot;$(AS_PROJECT_PATH)\Logical\Infrastructure\Tdatabase\Variables.var&quot; -g &quot;$(AS_PROJECT_PATH)\Logical\Global.typ&quot; &quot;$(AS_PROJECT_PATH)\Logical\Libraries\operator\operator.typ&quot; &quot;$(AS_PROJECT_PATH)\Logical\Libraries\runtime\runtime.typ&quot; &quot;$(AS_PROJECT_PATH)\Logical\Libraries\astime\astime.typ&quot; &quot;$(AS_PROJECT_PATH)\Logical\Libraries\AsIecCon\AsIecCon.typ&quot; &quot;$(AS_PROJECT_PATH)\Logical\Libraries\MpDatabase\MpDatabase.typ&quot; &quot;$(AS_PROJECT_PATH)\Logical\Libraries\MpDatabase\MpDatabaseError.typ&quot; &quot;$(AS_PROJECT_PATH)\Logical\Libraries\MpBase\MpBase.typ&quot; &quot;$(AS_PROJECT_PATH)\Logical\Libraries\AsHttp\AsHttp.typ&quot; &quot;$(AS_PROJECT_PATH)\Logical\Libraries\AsIODiag\AsIODiag.typ&quot; &quot;$(AS_PROJECT_PATH)\Logical\Libraries\operator\operator.fun&quot; &quot;$(AS_PROJECT_PATH)\Logical\Libraries\runtime\runtime.fun&quot; &quot;$(AS_PROJECT_PATH)\Logical\Libraries\astime\astime.fun&quot; &quot;$(AS_PROJECT_PATH)\Logical\Libraries\AsIecCon\AsIecCon.fun&quot; &quot;$(AS_PROJECT_PATH)\Logical\Libraries\MpDatabase\MpDatabase.fun&quot; &quot;$(AS_PROJECT_PATH)\Logical\Libraries\MpBase\MpBase.fun&quot; &quot;$(AS_PROJECT_PATH)\Logical\Libraries\AsHttp\AsHttp.fun&quot; &quot;$(AS_PROJECT_PATH)\Logical\Libraries\AsIODiag\AsIODiag.fun&quot; &quot;$(AS_PROJECT_PATH)\Logical\Global.var&quot; &quot;$(AS_PROJECT_PATH)\Temp\Includes\AS_TempDecl\Config1\GlobalComponents\MpComponents.var&quot; &quot;$(AS_PROJECT_PATH)\Logical\Libraries\operator\operator.var&quot; &quot;$(AS_PROJECT_PATH)\Logical\Libraries\runtime\runtime.var&quot; &quot;$(AS_PROJECT_PATH)\Logical\Libraries\astime\astime.var&quot; &quot;$(AS_PROJECT_PATH)\Logical\Libraries\AsIecCon\AsIecCon.var&quot; &quot;$(AS_PROJECT_PATH)\Logical\Libraries\MpBase\MpBase.var&quot; &quot;$(AS_PROJECT_PATH)\Logical\Libraries\AsHttp\AsHttp.var&quot; &quot;$(AS_PROJECT_PATH)\Logical\Libraries\AsIODiag\AsIODiag.var&quot; -P &quot;$(AS_PROJECT_PATH)&quot; " />
    <AdditionalBuildTrigger Key="IecDeclarationsInAnsiC" Value="False" />
  </Rule>
  <Rule ID="$(AS_PROJECT_PATH)\temp\objects\config1\4ppc70_0702_20b\tdatabase\exit.ld.o">
    <Prerequisite ID="$(AS_PROJECT_PATH)\logical\infrastructure\tdatabase\exit.ld" LastWriteTime="2022-07-07 15:07:28" />
    <Prerequisite ID="$(AS_PROJECT_PATH)\logical\libraries\mpdatabase\mpdatabase.fun" LastWriteTime="2022-07-07 14:53:42" />
    <Prerequisite ID="$(AS_PROJECT_PATH)\logical\libraries\mpbase\mpbase.typ" LastWriteTime="2022-07-07 14:53:42" />
    <Prerequisite ID="$(AS_PROJECT_PATH)\logical\libraries\mpdatabase\mpdatabaseerror.typ" LastWriteTime="2022-07-07 14:53:42" />
    <Prerequisite ID="$(AS_PROJECT_PATH)\logical\libraries\mpdatabase\mpdatabase.typ" LastWriteTime="2022-07-07 14:53:42" />
    <Prerequisite ID="$(AS_PROJECT_PATH)\logical\infrastructure\tdatabase\variables.var" LastWriteTime="2024-04-04 14:12:58" />
    <Prerequisite ID="$(AS_PROJECT_PATH)\logical\infrastructure\tdatabase\types.typ" LastWriteTime="2024-04-04 15:25:02" />
    <Prerequisite ID="$(AS_PROJECT_PATH)\physical\config1\4ppc70_0702_20b\mappservices\config.mpdatabasecore" LastWriteTime="2024-05-21 13:40:44" />
    <CommandLine Parameter="&quot;$(AS_PROJECT_PATH)\Logical\Infrastructure\Tdatabase\Exit.ld&quot;  -o &quot;$(AS_PROJECT_PATH)\Temp\Objects\Config1\4PPC70_0702_20B\Tdatabase\Exit.ld.o&quot; -T SG4 -M IA32 -B B4.62 -G V4.1.2  -s &quot;Infrastructure.Tdatabase&quot; -t &quot;$(AS_PROJECT_PATH)\Temp&quot; -pointers -extComments -extBitAccess -extConstants -D _SG4 -l &quot;$(AS_PROJECT_PATH)\Logical\Infrastructure\Tdatabase\Types.typ&quot; &quot;$(AS_PROJECT_PATH)\Logical\Infrastructure\Tdatabase\Variables.var&quot; -g &quot;$(AS_PROJECT_PATH)\Logical\Global.typ&quot; &quot;$(AS_PROJECT_PATH)\Logical\Libraries\operator\operator.typ&quot; &quot;$(AS_PROJECT_PATH)\Logical\Libraries\runtime\runtime.typ&quot; &quot;$(AS_PROJECT_PATH)\Logical\Libraries\astime\astime.typ&quot; &quot;$(AS_PROJECT_PATH)\Logical\Libraries\AsIecCon\AsIecCon.typ&quot; &quot;$(AS_PROJECT_PATH)\Logical\Libraries\MpDatabase\MpDatabase.typ&quot; &quot;$(AS_PROJECT_PATH)\Logical\Libraries\MpDatabase\MpDatabaseError.typ&quot; &quot;$(AS_PROJECT_PATH)\Logical\Libraries\MpBase\MpBase.typ&quot; &quot;$(AS_PROJECT_PATH)\Logical\Libraries\AsHttp\AsHttp.typ&quot; &quot;$(AS_PROJECT_PATH)\Logical\Libraries\AsIODiag\AsIODiag.typ&quot; &quot;$(AS_PROJECT_PATH)\Logical\Libraries\operator\operator.fun&quot; &quot;$(AS_PROJECT_PATH)\Logical\Libraries\runtime\runtime.fun&quot; &quot;$(AS_PROJECT_PATH)\Logical\Libraries\astime\astime.fun&quot; &quot;$(AS_PROJECT_PATH)\Logical\Libraries\AsIecCon\AsIecCon.fun&quot; &quot;$(AS_PROJECT_PATH)\Logical\Libraries\MpDatabase\MpDatabase.fun&quot; &quot;$(AS_PROJECT_PATH)\Logical\Libraries\MpBase\MpBase.fun&quot; &quot;$(AS_PROJECT_PATH)\Logical\Libraries\AsHttp\AsHttp.fun&quot; &quot;$(AS_PROJECT_PATH)\Logical\Libraries\AsIODiag\AsIODiag.fun&quot; &quot;$(AS_PROJECT_PATH)\Logical\Global.var&quot; &quot;$(AS_PROJECT_PATH)\Temp\Includes\AS_TempDecl\Config1\GlobalComponents\MpComponents.var&quot; &quot;$(AS_PROJECT_PATH)\Logical\Libraries\operator\operator.var&quot; &quot;$(AS_PROJECT_PATH)\Logical\Libraries\runtime\runtime.var&quot; &quot;$(AS_PROJECT_PATH)\Logical\Libraries\astime\astime.var&quot; &quot;$(AS_PROJECT_PATH)\Logical\Libraries\AsIecCon\AsIecCon.var&quot; &quot;$(AS_PROJECT_PATH)\Logical\Libraries\MpBase\MpBase.var&quot; &quot;$(AS_PROJECT_PATH)\Logical\Libraries\AsHttp\AsHttp.var&quot; &quot;$(AS_PROJECT_PATH)\Logical\Libraries\AsIODiag\AsIODiag.var&quot; -P &quot;$(AS_PROJECT_PATH)&quot; " />
    <AdditionalBuildTrigger Key="IecDeclarationsInAnsiC" Value="False" />
  </Rule>
  <Rule ID="$(AS_PROJECT_PATH)\temp\objects\config1\4ppc70_0702_20b\tdatabase\_bur_pvdef.st.o">
    <Prerequisite ID="c:\brautomation\as412\as\gnuinst\v4.1.2\4.9\i386-elf\include\bur\_bur_pvdef.st" LastWriteTime="2022-05-25 04:28:44" />
    <Prerequisite ID="$(AS_PROJECT_PATH)\temp\objects\config1\4ppc70_0702_20b\tdatabase\init.st.o" LastWriteTime="2024-05-21 13:40:52" />
    <Prerequisite ID="$(AS_PROJECT_PATH)\temp\objects\config1\4ppc70_0702_20b\tdatabase\cyclic.ld.o" LastWriteTime="2024-05-21 13:40:52" />
    <Prerequisite ID="$(AS_PROJECT_PATH)\temp\objects\config1\4ppc70_0702_20b\tdatabase\exit.ld.o" LastWriteTime="2024-05-21 13:40:52" />
    <Prerequisite ID="$(AS_PROJECT_PATH)\logical\libraries\mpdatabase\mpdatabase.fun" LastWriteTime="2022-07-07 14:53:42" />
    <Prerequisite ID="$(AS_PROJECT_PATH)\logical\libraries\mpbase\mpbase.typ" LastWriteTime="2022-07-07 14:53:42" />
    <Prerequisite ID="$(AS_PROJECT_PATH)\logical\libraries\mpdatabase\mpdatabaseerror.typ" LastWriteTime="2022-07-07 14:53:42" />
    <Prerequisite ID="$(AS_PROJECT_PATH)\logical\libraries\mpdatabase\mpdatabase.typ" LastWriteTime="2022-07-07 14:53:42" />
    <Prerequisite ID="$(AS_PROJECT_PATH)\logical\infrastructure\tdatabase\variables.var" LastWriteTime="2024-04-04 14:12:58" />
    <Prerequisite ID="$(AS_PROJECT_PATH)\logical\infrastructure\tdatabase\types.typ" LastWriteTime="2024-04-04 15:25:02" />
    <Prerequisite ID="$(AS_PROJECT_PATH)\physical\config1\4ppc70_0702_20b\mappservices\config.mpdatabasecore" LastWriteTime="2024-05-21 13:40:44" />
    <CommandLine Parameter="&quot;C:\BrAutomation\AS412\AS\gnuinst\V4.1.2\4.9\i386-elf\include\bur\_bur_pvdef.st&quot;  -o &quot;$(AS_PROJECT_PATH)\Temp\Objects\Config1\4PPC70_0702_20B\Tdatabase\_bur_pvdef.st.o&quot; -S &quot;Init.st&quot; &quot;Cyclic.ld&quot; &quot;Exit.ld&quot;  -T SG4 -M IA32 -B B4.62 -G V4.1.2  -s &quot;Infrastructure.Tdatabase&quot; -t &quot;$(AS_PROJECT_PATH)\Temp&quot; -pointers -extComments -extBitAccess -extConstants -D _SG4 -l &quot;$(AS_PROJECT_PATH)\Logical\Infrastructure\Tdatabase\Types.typ&quot; &quot;$(AS_PROJECT_PATH)\Logical\Infrastructure\Tdatabase\Variables.var&quot; -g &quot;$(AS_PROJECT_PATH)\Logical\Global.typ&quot; &quot;$(AS_PROJECT_PATH)\Logical\Libraries\operator\operator.typ&quot; &quot;$(AS_PROJECT_PATH)\Logical\Libraries\runtime\runtime.typ&quot; &quot;$(AS_PROJECT_PATH)\Logical\Libraries\astime\astime.typ&quot; &quot;$(AS_PROJECT_PATH)\Logical\Libraries\AsIecCon\AsIecCon.typ&quot; &quot;$(AS_PROJECT_PATH)\Logical\Libraries\MpDatabase\MpDatabase.typ&quot; &quot;$(AS_PROJECT_PATH)\Logical\Libraries\MpDatabase\MpDatabaseError.typ&quot; &quot;$(AS_PROJECT_PATH)\Logical\Libraries\MpBase\MpBase.typ&quot; &quot;$(AS_PROJECT_PATH)\Logical\Libraries\AsHttp\AsHttp.typ&quot; &quot;$(AS_PROJECT_PATH)\Logical\Libraries\AsIODiag\AsIODiag.typ&quot; &quot;$(AS_PROJECT_PATH)\Logical\Libraries\operator\operator.fun&quot; &quot;$(AS_PROJECT_PATH)\Logical\Libraries\runtime\runtime.fun&quot; &quot;$(AS_PROJECT_PATH)\Logical\Libraries\astime\astime.fun&quot; &quot;$(AS_PROJECT_PATH)\Logical\Libraries\AsIecCon\AsIecCon.fun&quot; &quot;$(AS_PROJECT_PATH)\Logical\Libraries\MpDatabase\MpDatabase.fun&quot; &quot;$(AS_PROJECT_PATH)\Logical\Libraries\MpBase\MpBase.fun&quot; &quot;$(AS_PROJECT_PATH)\Logical\Libraries\AsHttp\AsHttp.fun&quot; &quot;$(AS_PROJECT_PATH)\Logical\Libraries\AsIODiag\AsIODiag.fun&quot; &quot;$(AS_PROJECT_PATH)\Logical\Global.var&quot; &quot;$(AS_PROJECT_PATH)\Temp\Includes\AS_TempDecl\Config1\GlobalComponents\MpComponents.var&quot; &quot;$(AS_PROJECT_PATH)\Logical\Libraries\operator\operator.var&quot; &quot;$(AS_PROJECT_PATH)\Logical\Libraries\runtime\runtime.var&quot; &quot;$(AS_PROJECT_PATH)\Logical\Libraries\astime\astime.var&quot; &quot;$(AS_PROJECT_PATH)\Logical\Libraries\AsIecCon\AsIecCon.var&quot; &quot;$(AS_PROJECT_PATH)\Logical\Libraries\MpBase\MpBase.var&quot; &quot;$(AS_PROJECT_PATH)\Logical\Libraries\AsHttp\AsHttp.var&quot; &quot;$(AS_PROJECT_PATH)\Logical\Libraries\AsIODiag\AsIODiag.var&quot; -P &quot;$(AS_PROJECT_PATH)&quot; " />
    <AdditionalBuildTrigger Key="IecDeclarationsInAnsiC" Value="False" />
  </Rule>
  <Rule ID="$(AS_PROJECT_PATH)\temp\objects\config1\4ppc70_0702_20b\mpdatabase.br">
    <Prerequisite ID="$(AS_PROJECT_PATH)\logical\libraries\mpdatabase\sg4\ia32\mpdatabase.br" LastWriteTime="2021-05-12 12:10:04" />
    <CommandLine Parameter="$(AS_PROJECT_PATH)\Logical\Libraries\MpDatabase\SG4\Ia32\MpDatabase.br, $(AS_PROJECT_PATH)\Temp\Objects\Config1\4PPC70_0702_20B\MpDatabase.br" />
  </Rule>
  <Rule ID="$(AS_PROJECT_PATH)\temp\objects\config1\4ppc70_0702_20b\mpbase.br">
    <Prerequisite ID="$(AS_PROJECT_PATH)\logical\libraries\mpbase\sg4\ia32\mpbase.br" LastWriteTime="2021-07-07 06:25:48" />
    <CommandLine Parameter="$(AS_PROJECT_PATH)\Logical\Libraries\MpBase\SG4\Ia32\MpBase.br, $(AS_PROJECT_PATH)\Temp\Objects\Config1\4PPC70_0702_20B\MpBase.br" />
  </Rule>
  <Rule ID="$(AS_PROJECT_PATH)\temp\objects\config1\4ppc70_0702_20b\ashttp.br">
    <Prerequisite ID="$(AS_PROJECT_PATH)\as\system\b0462\sg4\ia32\ashttp.br" LastWriteTime="2019-05-20 18:36:54" />
    <CommandLine Parameter="$(AS_PROJECT_PATH)\AS\System\B0462\SG4\Ia32\AsHttp.br, $(AS_PROJECT_PATH)\Temp\Objects\Config1\4PPC70_0702_20B\AsHttp.br" />
  </Rule>
  <Rule ID="$(AS_PROJECT_PATH)\temp\objects\config1\4ppc70_0702_20b\runtime.br">
    <Prerequisite ID="$(AS_PROJECT_PATH)\as\system\b0462\sg4\ia32\runtime.br" LastWriteTime="2019-05-20 18:37:10" />
    <CommandLine Parameter="$(AS_PROJECT_PATH)\AS\System\B0462\SG4\Ia32\runtime.br, $(AS_PROJECT_PATH)\Temp\Objects\Config1\4PPC70_0702_20B\runtime.br" />
  </Rule>
  <Rule ID="$(AS_PROJECT_PATH)\temp\objects\config1\4ppc70_0702_20b\asiodiag.br">
    <Prerequisite ID="$(AS_PROJECT_PATH)\as\system\b0462\sg4\ia32\asiodiag.br" LastWriteTime="2019-05-20 18:36:56" />
    <CommandLine Parameter="$(AS_PROJECT_PATH)\AS\System\B0462\SG4\Ia32\AsIODiag.br, $(AS_PROJECT_PATH)\Temp\Objects\Config1\4PPC70_0702_20B\AsIODiag.br" />
  </Rule>
  <Rule ID="#cpu_tp.mak">
    <CommandLine Parameter=" -r -f &quot;$(AS_PROJECT_PATH)\Temp\Objects\Config1\4PPC70_0702_20B\#cpu_tp.mak&quot; -k" />
  </Rule>
  <Rule ID="$(AS_PROJECT_PATH)\binaries\config1\4ppc70_0702_20b\transfer.lst">
    <Prerequisite ID="$(AS_PROJECT_PATH)\temp\objects\config1\4ppc70_0702_20b\ashwac.br" LastWriteTime="2024-05-21 12:52:34" />
    <Prerequisite ID="$(AS_PROJECT_PATH)\temp\objects\config1\4ppc70_0702_20b\sysconf.br" LastWriteTime="2024-05-21 12:52:36" />
    <Prerequisite ID="$(AS_PROJECT_PATH)\temp\objects\config1\4ppc70_0702_20b\asfw.br" LastWriteTime="2024-05-21 12:52:36" />
    <Prerequisite ID="$(AS_PROJECT_PATH)\temp\objects\config1\4ppc70_0702_20b\ashwd.br" LastWriteTime="2024-05-21 12:52:36" />
    <Prerequisite ID="$(AS_PROJECT_PATH)\temp\objects\config1\4ppc70_0702_20b\arconfig.br" LastWriteTime="2024-05-21 12:52:34" />
    <Prerequisite ID="$(AS_PROJECT_PATH)\temp\objects\config1\4ppc70_0702_20b\udbdef.br" LastWriteTime="2022-05-25 04:28:54" />
    <Prerequisite ID="$(AS_PROJECT_PATH)\temp\objects\config1\4ppc70_0702_20b\iomap.br" LastWriteTime="2024-05-21 12:52:34" />
    <Prerequisite ID="$(AS_PROJECT_PATH)\temp\objects\config1\4ppc70_0702_20b\tcdata.br" LastWriteTime="2024-05-21 12:52:34" />
    <Prerequisite ID="$(AS_PROJECT_PATH)\temp\objects\config1\4ppc70_0702_20b\role.br" LastWriteTime="2024-05-21 12:52:34" />
    <Prerequisite ID="$(AS_PROJECT_PATH)\temp\objects\config1\4ppc70_0702_20b\user.br" LastWriteTime="2024-05-21 12:52:34" />
    <Prerequisite ID="$(AS_PROJECT_PATH)\temp\objects\config1\4ppc70_0702_20b\fwrules.br" LastWriteTime="2024-05-21 12:52:34" />
    <Prerequisite ID="$(AS_PROJECT_PATH)\temp\objects\config1\4ppc70_0702_20b\config.br" LastWriteTime="2024-05-21 13:40:56" />
    <Prerequisite ID="$(AS_PROJECT_PATH)\temp\objects\config1\4ppc70_0702_20b\tdatabase.br" LastWriteTime="2024-05-21 13:40:54" />
    <Prerequisite ID="$(AS_PROJECT_PATH)\temp\objects\config1\4ppc70_0702_20b\mpdatabase.br" LastWriteTime="2021-05-12 12:10:04" />
    <Prerequisite ID="$(AS_PROJECT_PATH)\temp\objects\config1\4ppc70_0702_20b\mpbase.br" LastWriteTime="2021-07-07 06:25:48" />
    <Prerequisite ID="$(AS_PROJECT_PATH)\temp\objects\config1\4ppc70_0702_20b\ashttp.br" LastWriteTime="2019-05-20 18:36:54" />
    <Prerequisite ID="$(AS_PROJECT_PATH)\temp\objects\config1\4ppc70_0702_20b\runtime.br" LastWriteTime="2019-05-20 18:37:10" />
    <Prerequisite ID="$(AS_PROJECT_PATH)\temp\objects\config1\4ppc70_0702_20b\asiodiag.br" LastWriteTime="2019-05-20 18:36:56" />
    <Prerequisite ID="$(AS_PROJECT_PATH)\physical\config1\4ppc70_0702_20b\cpu.sw" LastWriteTime="2022-07-08 15:39:14" />
    <CommandLine Parameter=" &quot;$(AS_PROJECT_PATH)\AfagP70.apj&quot; -t &quot;$(AS_PROJECT_PATH)\Temp&quot; -o &quot;$(AS_PROJECT_PATH)\Binaries&quot; -c &quot;Config1&quot; -i &quot;C:\BrAutomation\AS412&quot; -S &quot;4PPC70_0702_20B&quot; -A &quot;PPC7x&quot; -pil -swFiles &quot;$(AS_PROJECT_PATH)\Physical\Config1\4PPC70_0702_20B\Cpu.sw&quot; -Z &quot;mapp: 5.15.0, FMUExport: n.d, Connectivity: n.d, UnitSystem: n.d, TextSystem: n.d, ProgrammingSystem: n.d, RemanentData: n.d, AAS: n.d&quot; -C &quot;/RT=1000 /AM=*&quot; -D &quot;/IF=COM1 /BD=57600 /PA=2 /IT=20 /RS=0&quot; -M IA32 -T SG4" />
  </Rule>
</RuleSetOptions>