<?xml version="1.0" encoding="utf-8"?>
<TOC>
	<ITEM ID="FILE" NAME="AR000.exe" DIR="" OS="1" HASH="" HASHVALUE="B9AF3AD2EDF2BD66529918DB49069936" SIZE="6442064" MODIFIED="2019-05-20 20:32:52" WRITECMD="3"/>
	<ITEM ID="FILE" NAME="AR000Debug.exe" DIR="" OS="1" HASH="" HASHVALUE="1CB900AC88E5485E696BCFF025A69BB7" SIZE="62544" MODIFIED="2019-05-20 20:32:52" WRITECMD="3"/>
	<ITEM ID="FILE" NAME="ar000loader.exe" DIR="" OS="1" HASH="" HASHVALUE="916809D447F594B6CC3EF137AE726810" SIZE="3426384" MODIFIED="2019-05-20 20:32:52" WRITECMD="3"/>
	<ITEM ID="FILE" NAME="ar000stop.exe" DIR="" OS="1" HASH="" HASHVALUE="D9AE713F5D49ED348234057305472C75" SIZE="16976" MODIFIED="2019-05-20 20:32:52" WRITECMD="3"/>
	<ITEM ID="FILE" NAME="arUpd.bat" DIR="" OS="1" HASH="" HASHVALUE="0503FA0EA6E89C381DB4F0A593073062" SIZE="1124" MODIFIED="2019-05-20 20:32:52" WRITECMD="3"/>
	<ITEM ID="FILE" NAME="InaFrm.dll" DIR="" OS="1" HASH="" HASHVALUE="3DEEAB31E0CF16086A7F6BFCB99C22BF" SIZE="73728" MODIFIED="2019-05-20 20:32:52" WRITECMD="3"/>
	<ITEM ID="FILE" NAME="Packet.dll" DIR="" OS="1" HASH="" HASHVALUE="8311123D9587273202671A5B8634C9F3" SIZE="90112" MODIFIED="2019-05-20 20:32:52" WRITECMD="3"/>
	<ITEM ID="FILE" NAME="PviLog.dll" DIR="" OS="1" HASH="" HASHVALUE="E5ED364ACA28CB656437ADA36FAC0F5B" SIZE="106543" MODIFIED="2019-05-20 20:32:52" WRITECMD="3"/>
	<ITEM ID="FILE" NAME="wpcap.dll" DIR="" OS="1" HASH="" HASHVALUE="A356ACA4C981AADE2173331BCDB3587A" SIZE="274432" MODIFIED="2019-05-20 20:32:52" WRITECMD="3"/>
	<ITEM ID="FILE" NAME="fscfg.xml" DIR="System/TOC" OS="1" HASH="" HASHVALUE="D170C6DA32DCE485C188D306314D91FE" SIZE="5871" MODIFIED="2019-05-20 20:32:52"/>
</TOC>