<?xml version="1.0"?>
<?hwc2hwd version="1.1"?>
<HWD Version="2.0" xmlns="http://br-automation.com/AR/IO/HWD">
  <Hardware Family="4" ID="4PPC70.0702-20B" Modno="58733" UseType="1">
    <Parameter ID="CompatibleCpuCode" Value="4PPC70.0702-20B" />
    <Parameter ID="Transparent" Value="1" Type="UDINT" />
    <Parameter ID="HwcCpuSlot" Value="0" Type="UDINT" />
    <Parameter ID="HwcCpuStation" Value="0" Type="UDINT" />
    <Parameter ID="HwcShortName" Value="PPC7x" />
    <Parameter ID="ArModno" Value="58546" Type="UDINT" />
    <Resource ID="IO">
      <Parameter ID="Transparent" Value="1" Type="UDINT" />
      <Parameter ID="Classcode" Value="0x20000022" Type="UDINT" />
      <Parameter ID="ARIOMaster" Value="1" Type="UDINT" />
      <Channel ID="SerialNumber">
        <Parameter ID="Ext" Value="/HW" />
        <Parameter ID="Address" Value="0" Type="UDINT" />
        <Parameter ID="Direction" Value="IN" />
        <Parameter ID="Type" Value="UDINT" />
        <Parameter ID="ChannelType" Value="SerialNumber" />
      </Channel>
      <Channel ID="ModuleID">
        <Parameter ID="Ext" Value="/HW" />
        <Parameter ID="Address" Value="1" Type="UDINT" />
        <Parameter ID="Direction" Value="IN" />
        <Parameter ID="Type" Value="UINT" />
        <Parameter ID="ChannelType" Value="ModuleID" />
      </Channel>
      <Channel ID="HardwareVariant">
        <Parameter ID="Ext" Value="/HW" />
        <Parameter ID="Address" Value="15" Type="UDINT" />
        <Parameter ID="Direction" Value="IN" />
        <Parameter ID="Type" Value="UINT" />
        <Parameter ID="ChannelType" Value="HardwareVariant" />
      </Channel>
      <Channel ID="FirmwareVersion">
        <Parameter ID="Ext" Value="/HW" />
        <Parameter ID="Address" Value="16" Type="UDINT" />
        <Parameter ID="Direction" Value="IN" />
        <Parameter ID="Type" Value="UINT" />
        <Parameter ID="ChannelType" Value="FirmwareVersion" />
      </Channel>
      <Channel ID="TemperatureCPU">
        <Parameter ID="Ext" Value="/HW" />
        <Parameter ID="Address" Value="4" Type="UDINT" />
        <Parameter ID="Direction" Value="IN" />
        <Parameter ID="Type" Value="UINT" />
        <Parameter ID="ChannelType" Value="Temp" />
        <Parameter ID="Ordinal" Value="2" Type="UDINT" />
      </Channel>
      <Channel ID="TemperatureENV">
        <Parameter ID="Ext" Value="/HW" />
        <Parameter ID="Address" Value="5" Type="UDINT" />
        <Parameter ID="Direction" Value="IN" />
        <Parameter ID="Type" Value="UINT" />
        <Parameter ID="ChannelType" Value="Temp" />
        <Parameter ID="Ordinal" Value="1" Type="UDINT" />
      </Channel>
      <Channel ID="SystemTime">
        <Parameter ID="Ext" Value="/HW" />
        <Parameter ID="Address" Value="9" Type="UDINT" />
        <Parameter ID="Direction" Value="IN" />
        <Parameter ID="Type" Value="DINT" />
        <Parameter ID="ChannelType" Value="SystemTime" />
      </Channel>
    </Resource>
    <Resource ID="PCI">
      <Parameter ID="Transparent" Value="1" Type="UDINT" />
      <Parameter ID="Classcode" Value="0x20000000" Type="UDINT" />
      <Parameter ID="OfferedBus" Value="PCI" />
      <Parameter ID="PciDmaFastEnable" Value="1" Type="UDINT" />
      <Resource ID="BUS-2">
        <Parameter ID="Transparent" Type="UDINT" Value="1" />
        <Parameter ID="BusAddress" Type="UDINT" Value="0x0" />
        <Parameter ID="PCIFuncNo" Type="UDINT" Value="0" />
        <Parameter ID="VendorId" Type="UDINT" Value="0x8086" />
        <Parameter ID="DeviceId" Type="UDINT" Value="0x8801" />
        <Resource ID="IF2">
          <Parameter ID="BusAddress" Value="0" Type="UDINT" />
          <Parameter ID="PCIFuncNo" Value="1" Type="UDINT" />
          <Parameter ID="VendorId" Value="0x8086" Type="UDINT" />
          <Parameter ID="DeviceId" Value="0x8802" Type="UDINT" />
          <Parameter ID="MemEnable" Value="0" Type="UDINT" />
          <Parameter ID="OfferedBus" Value="ETHERNET" />
          <Parameter ID="PCIePath" Value="23,0/0,0" />
        </Resource>
      </Resource>
      <Resource ID="FPGA">
        <Parameter ID="Transparent" Value="1" Type="UDINT" />
        <Parameter ID="BusAddress" Value="0x0" Type="UDINT" />
        <Parameter ID="VendorId" Value="0x1677" Type="UDINT" />
        <Parameter ID="DeviceId" Value="0xe4b2" Type="UDINT" />
        <Parameter ID="FwLoadMethod" Value="19" Type="UDINT" />
        <Resource ID="BASEDEV">
          <Parameter ID="BusAddress" Value="0x0" Type="UDINT" />
          <Parameter ID="PCIFuncNo" Value="0" Type="UDINT" />
          <Parameter ID="VendorId" Value="0x1677" Type="UDINT" />
          <Parameter ID="DeviceId" Value="0xe4b2" Type="UDINT" />
          <Parameter ID="Transparent" Value="1" Type="UDINT" />
        </Resource>
        <Resource ID="IF1">
          <Parameter ID="VirtFunc" Value="BASEDEV" />
          <Parameter ID="OfferedBus" Value="P2IF" />
          <Parameter ID="InterfaceType" Value="POWERLINK" />
          <Parameter ID="MemEnable" Value="0" Type="UDINT" />
          <Parameter ID="MemBAR" Value="3" Type="UDINT" />
          <Parameter ID="MemEnableIfArio" Value="1" Type="UDINT" />
          <Parameter ID="MemOffset" Value="0x80000" Type="UDINT" />
          <Parameter ID="MMIOOffset" Value="0" Type="UDINT" />
          <Parameter ID="IOSuffix" Value=":PLK.BUS" />
          <Parameter ID="Classcode" Value="0x18800200" Type="UDINT" />
          <Parameter ID="FirmwareFile" Value="58733a0.epl" />
          <Resource ID="ETH">
            <Parameter ID="Transparent" Value="1" Type="UDINT" />
            <Parameter ID="Classcode" Value="0x00000200" Type="UDINT" />
            <Parameter ID="AutoPlug" Value="1" Type="UDINT" />
            <Parameter ID="OfferedBus" Value="ETHERNET" />
          </Resource>
          <Channel ID="LinkOk">
            <Parameter ID="Ext" Value="/INFO" />
            <Parameter ID="Address" Value="0x8000001A" Type="UDINT" />
            <Parameter ID="BitOffset" Value="0" Type="UDINT" />
            <Parameter ID="Direction" Value="IN" />
            <Parameter ID="Type" Value="BOOL" />
          </Channel>
          <Channel ID="LinkOk">
            <Parameter ID="Ext" Value="/INFO" />
            <Parameter ID="Address" Value="0x8000001A" Type="UDINT" />
            <Parameter ID="BitOffset" Value="0" Type="UDINT" />
            <Parameter ID="Direction" Value="IN" />
            <Parameter ID="Type" Value="BOOL" />
          </Channel>
          <Channel ID="OutputDMAMargin">
            <Filter Value="(NOT (Operation='EthOnly'))" />
            <Parameter ID="Ext" Value="/INFO" />
            <Parameter ID="Address" Value="0x8000000C" Type="UDINT" />
            <Parameter ID="Direction" Value="IN" />
            <Parameter ID="Type" Value="DINT" />
          </Channel>
        </Resource>
        <Resource ID="IF5">
          <Parameter ID="VirtFunc" Value="BASEDEV" />
          <Parameter ID="OfferedBus" Value="X2XIF" />
          <Parameter ID="InterfaceType" Value="X2X" />
          <Parameter ID="MemEnable" Value="0" Type="UDINT" />
          <Parameter ID="MemEnableIfArio" Value="1" Type="UDINT" />
          <Parameter ID="MemLen0" Value="0xC000" Type="UDINT" />
          <Parameter ID="MemBAR" Value="2" Type="UDINT" />
          <Parameter ID="MemOffset" Value="0x8000" Type="UDINT" />
          <Parameter ID="MMIOOffset" Value="0" Type="UDINT" />
          <Parameter ID="MemLen2" Value="0xd000" Type="UDINT" />
          <Parameter ID="IOSuffix" Value="X2X.BUS" />
          <Parameter ID="Classcode" Value="0x09800200" Type="UDINT" />
        </Resource>
        <Resource ID="IF10">
          <Parameter ID="VirtFunc" Value="BASEDEV" />
          <Parameter ID="BusAddress" Value="0x0" Type="UDINT" />
          <Parameter ID="PCIFuncNo" Value="0" Type="UDINT" />
          <Parameter ID="MemBAR" Value="0" Type="UDINT" />
          <Parameter ID="MMIOOffset" Value="0x2100" Type="UDINT" />
          <Parameter ID="Classcode" Value="0x200000fe" Type="UDINT" />
          <Parameter ID="DDriverName" Value="DdVxSfTouchPci" />
          <Parameter ID="Key0" Value="3572,4096,618,974,3,127" />
          <Parameter ID="Transparent" Value="1" Type="UDINT" />
          <Parameter ID="KeyOutOfArea" Value="126" Type="DINT" />
        </Resource>
        <Resource ID="SRAM">
          <Parameter ID="Classcode" Value="0x00000500" Type="UDINT" />
          <Parameter ID="MemLen0" Value="32768" Type="UDINT" />
        </Resource>
      </Resource>
    </Resource>
  </Hardware>
</HWD>